{"config": {"dataset_id": "2", "problems": {"n_problems": 10000, "input_size": 1, "output_size": 2, "high2": 100}, "model": {"use_norm_multiply": false, "use_norm_divide": false, "norm_multiply": 1.0, "activation": "ReLU", "class_weights": [], "no_norm": false, "norm_data": false, "shuffle_data": true, "network": "FC", "n_epochs": 100, "batch_size": 10, "optimizer": "Adam", "optimizer_sgd_momentum": 0.9, "lr": 0.0001, "fc_sizes": [50, 10], "train_eval_split": 0.9}, "cfg_id": "2"}, "config_name": "21-06-09_22:39:16-1115863-2", "loss": [4.754574298858643, 2.4391014873981476, 3.228200078010559, 3.2527217268943787, 1.7705443501472473, 2.6303237676620483, 1.9397169351577759, 1.5995322167873383, 1.8708959221839905, 1.4579778909683228, 1.6220322251319885, 1.0940663516521454, 0.7899550348520279, 0.9708587825298309, 0.9613607823848724, 0.6040339544415474, 0.893789529800415, 0.8060289919376373, 1.0095839202404022, 0.7808598130941391, 0.5035779625177383, 0.8783353865146637, 0.6467859447002411, 1.1279115825891495, 0.7925661653280258, 0.7598282396793365, 0.8594958484172821, 0.9402687847614288, 0.7988587766885757, 0.6310702860355377, 1.0556016862392426, 0.6697253882884979, 0.42452212423086166, 0.6592327356338501, 0.705995187163353, 0.5118485540151596, 0.6667773425579071, 0.7202731072902679, 0.5630125477910042, 0.49223974347114563, 0.7582037895917892, 0.7583914697170258, 0.4511949419975281, 0.6603087484836578, 0.41767455637454987, 0.4501444846391678, 0.7228946685791016, 0.5347092822194099, 0.43804261833429337, 0.6364909559488297, 0.5030407756567001, 0.3500180318951607, 0.4165778309106827, 0.8175170421600342, 0.4462968185544014, 0.428987517952919, 0.41400622576475143, 0.37820223718881607, 0.7783903926610947, 0.5276628211140633, 0.5614492297172546, 0.3711973875761032, 0.34539416432380676, 0.5166762322187424, 0.5759287998080254, 0.6182285025715828, 0.3877018019556999, 0.3539658337831497, 0.17036790028214455, 0.47237712889909744, 0.4693719744682312, 0.49718718975782394, 0.4729747772216797, 0.3651426360011101, 0.4252864420413971, 0.4130904749035835, 0.534147210419178, 0.4127103462815285, 0.5834212154150009, 0.32131776213645935, 0.3131050616502762, 0.4011412709951401, 0.3052268549799919, 0.34913085401058197, 0.4122616723179817, 0.6524302810430527, 0.37053272128105164, 0.32188378274440765, 0.4429856687784195, 0.4607991874217987, 0.4293069988489151, 0.2650779113173485, 0.4000712186098099, 0.5406557768583298, 0.5513634532690048, 0.37055790424346924, 0.41435420513153076, 0.36574792116880417, 0.6476324796676636, 0.6264467537403107], "r2": [-3.1931302550749106, -2.667915547240791, -2.2121169359943784, -1.8198105880980928, -1.4834630635136667, -1.1963581969853498, -0.9518663662905971, -0.7440867733636856, -0.5683321597779498, -0.42162676656942577, -0.30127200181100555, -0.20545608810547078, -0.1310838817634754, -0.07666160396494015, -0.038732487045731956, -0.01374028668742766, 0.0015219045279948329, 0.010449567712020102, 0.016795545424270197, 0.022279953474455216, 0.026929000567515238, 0.032699210669579815, 0.03692761619911433, 0.04339001072170601, 0.048066360354204196, 0.052882731990722465, 0.061882849770637294, 0.06987853301662983, 0.07748500501222755, 0.08382303320973761, 0.09375450041212419, 0.10261726395285142, 0.10628674347034162, 0.12072660560273818, 0.13039611469876278, 0.14119728480381766, 0.1513500592190713, 0.16258070794835522, 0.17346423028958935, 0.18467528980399717, 0.1967334345860272, 0.2083771259096302, 0.21573412478317266, 0.23197594335077099, 0.24317007486188968, 0.2534547215474007, 0.26736637420366616, 0.28089548068870807, 0.29221583244921767, 0.30209570207955727, 0.3140640767643966, 0.3254824190354396, 0.33493303210797976, 0.3486673159561877, 0.3569579856313697, 0.36798475759732974, 0.37588581994713677, 0.38491646176678196, 0.39118595044365234, 0.3990910585741513, 0.4056611793071099, 0.41098222523311845, 0.4160727616706865, 0.4179819079610392, 0.42426646073337393, 0.426951549051676, 0.4304108072388435, 0.4314639495817836, 0.4303702634747032, 0.4363245138869837, 0.43437100923529415, 0.4367126488868228, 0.4402070679171698, 0.44099736446052773, 0.44146870770072166, 0.442620418965067, 0.44321644084728484, 0.4435323710243023, 0.44398244151078636, 0.44454865712052605, 0.444819604253172, 0.4450397157684626, 0.44527909386909315, 0.44511397036372236, 0.44390840111511265, 0.44579632774910904, 0.44576451927684924, 0.4460553827024847, 0.446082653567768, 0.4462000137870087, 0.44626875058564897, 0.4442967748942479, 0.44646330761007713, 0.44603305682723393, 0.4465460101544444, 0.4441836443276237, 0.4453793938585834, 0.4466157124353479, 0.44625586236907144, 0.445831164847842]}