{"config": {"dataset_id": "2", "problems": {"n_problems": 10000, "input_size": 1, "output_size": 2, "high2": 100}, "model": {"use_norm_multiply": false, "use_norm_divide": false, "norm_multiply": 1.0, "activation": "ReLU", "class_weights": [], "no_norm": false, "norm_data": false, "shuffle_data": true, "network": "FC", "n_epochs": 100, "batch_size": 10, "optimizer": "Adam", "optimizer_sgd_momentum": 0.9, "lr": 0.0001, "fc_sizes": [50, 10], "train_eval_split": 0.9}, "cfg_id": "2"}, "config_name": "21-06-09_17:18:46-5635854-2", "loss": [4.725503027439117, 1.346336007118225, 0.5208441615104675, 1.1082583665847778, 0.8930677175521851, 0.6336778402328491, 1.0793248564004898, 0.8724550157785416, 0.8665920048952103, 0.7488739490509033, 0.8457006514072418, 0.5596131831407547, 0.7274310290813446, 0.9314033389091492, 1.0837966203689575, 1.0690788179636002, 0.6440016627311707, 0.8931852877140045, 0.9059745073318481, 0.7720659673213959, 1.0492922365665436, 0.9901173412799835, 0.958075150847435, 1.0138585418462753, 1.003870815038681, 0.7396228611469269, 0.9850817173719406, 0.9271079301834106, 0.7271794229745865, 0.4668783023953438, 0.8365310728549957, 0.7181598246097565, 0.772186741232872, 0.6628955900669098, 0.518576018512249, 0.5735365673899651, 1.142803207039833, 0.791933536529541, 0.6928183883428574, 0.7692835479974747, 0.8250346034765244, 0.8171871304512024, 0.7064314186573029, 0.9436981379985809, 1.2631139159202576, 0.8469477295875549, 0.6174066662788391, 0.9332434833049774, 0.7583002001047134, 1.0094346851110458, 0.9200367331504822, 1.0357524454593658, 0.7805026322603226, 0.9620404988527298, 0.9326404333114624, 0.9273432195186615, 1.039099097251892, 0.9032728523015976, 1.1121948808431625, 0.8121852576732635, 0.7336536794900894, 0.8037983626127243, 0.6897252798080444, 0.7368838042020798, 0.8985521644353867, 0.9806084632873535, 0.757051408290863, 0.4389522224664688, 0.9550617635250092, 0.9068876504898071, 0.7680456340312958, 0.8396250754594803, 0.41836217045783997, 0.8402024954557419, 0.6436960399150848, 1.0289087146520615, 1.056511029601097, 0.7791714370250702, 0.7968084514141083, 0.6050654128193855, 0.8414778858423233, 1.135505586862564, 0.973571315407753, 0.6211874634027481, 0.7714436948299408, 0.6110037118196487, 0.9639756381511688, 0.7906650006771088, 0.846884474158287, 0.3660280257463455, 0.9110507369041443, 0.6767668575048447, 0.7976745069026947, 0.4988641291856766, 0.8751045912504196, 0.9518510103225708, 0.7313273847103119, 0.92216856777668, 0.7227576524019241, 0.8998812735080719], "r2": [-0.6470871190029377, -0.0006951430827593086, -7.824796072597451e-05, -0.00012406822418742358, 7.006842209822395e-05, 0.000581054730103836, 0.0006439769811654728, 0.0005047835012698121, 0.0016112289572588478, 0.0016914053941923246, 0.0018305246346006498, 0.0025124593917326132, 0.0033392480344989206, 0.0030331778434229406, 0.004286576165225431, 0.003482222485583941, 0.005562497972490088, 0.004345178339346223, 0.006637935254496297, 0.006963699058774919, 0.007567937624387122, 0.008092109433290084, 0.007968411071546777, 0.008888035533116567, 0.008045641863741904, 0.00973267941297884, 0.010173473777168374, 0.008478246244157384, 0.011235647482469191, 0.01138401707845682, 0.012390570850100757, 0.011658283002822789, 0.013185471242495472, 0.013744902076343046, 0.011653613842097066, 0.01330094747336874, 0.013724203451880412, 0.015308638627987592, 0.01645953180300541, 0.015736495049052612, 0.01541473215748812, 0.017573461002370894, 0.0184241465103685, 0.01520262517128712, 0.019670851066075246, 0.017655908138108245, 0.020246633590570995, 0.021818231390819287, 0.0223850751218182, 0.023061867826616345, 0.022431825842503472, 0.024360205465898677, 0.024560155136380768, 0.02593844173158899, 0.025804135097301062, 0.02677445202068507, 0.026988611949777974, 0.02890662474978134, 0.029517278009231096, 0.026462223583090805, 0.03117103761869744, 0.03160523199505383, 0.0331980537001898, 0.033102154107098825, 0.03393754224821999, 0.03625613018357965, 0.03669531045859675, 0.03762438766002596, 0.03813821082901825, 0.039016134838980254, 0.038829102628803125, 0.04237207371139362, 0.0414070860286605, 0.043309110176089294, 0.04331159255736294, 0.0462679326544958, 0.047369607825457294, 0.049112369863575256, 0.05065988540395616, 0.052286331495146166, 0.052992026768290734, 0.05307075703507602, 0.05612021843787196, 0.05806612015533519, 0.05943006056469069, 0.06150780001218592, 0.06307111835371415, 0.06455064165234026, 0.06644001311693015, 0.0677622740429864, 0.07003350175292755, 0.06938196182152545, 0.07300562887570228, 0.07658251442100028, 0.0780242283610727, 0.08055357928794349, 0.0820745232105844, 0.08337240748008312, 0.0864960793294205, 0.0901486755833133]}